Source,Translation,Context
# ======================================================================
# Common UI / Actions
# ======================================================================
Submit,Xác nhận,
Cancel,Hủy,
Amend,Sửa đổi,
Draft,Nháp,
Submitted,Đã xác nhận,
Cancelled,Đã hủy,
Save,Lưu,
Print,In,
Email,Gửi email,
Attach,Đính kèm,
Comment,Ghi chú,
Activity,Hoạt động,
Dashboard,Bảng tổng quan,
Report,Báo cáo,
Settings,Cài đặt,
User,Người dùng,
Role,Vai trò,
Permission,Phân quyền,
Workflow,Quy trình,
Notification,Thông báo,
Edit,Sửa,
Delete,Xóa,
New,Mới,
Add,Thêm,
Remove,Gỡ bỏ,
Update,Cập nhật,
Refresh,Làm mới,
Search,Tìm kiếm,
Filter,Bộ lọc,
Export,Xuất,
Import,Nhập,
Download,Tải xuống,
Upload,Tải lên,
Copy,Sao chép,
Paste,Dán,
Duplicate,Nhân bản,
Rename,Đổi tên,
Close,Đóng,
Open,Mở,
View,Xem,
Preview,Xem trước,
Yes,Có,
No,Không,
OK,Đồng ý,
Confirm,Xác nhận,
Warning,Cảnh báo,
Error,Lỗi,
Success,Thành công,
Info,Thông tin,
Please wait,Vui lòng chờ,
Loading,Đang tải,
Processing,Đang xử lý,
Saving,Đang lưu,
Saved,Đã lưu,
Unsaved,Chưa lưu,
Required,Bắt buộc,
Optional,Tùy chọn,
All,Tất cả,
None,Không có,
Other,Khác,
Name,Tên,
Title,Tiêu đề,
Description,Mô tả,
Date,Ngày,
Time,Thời gian,
From,Từ,
To,Đến,
Status,Trạng thái,
Type,Loại,
Category,Danh mục,
Group,Nhóm,
Tag,Thẻ,
Label,Nhãn,
Value,Giá trị,
Total,Tổng cộng,
Subtotal,Tổng phụ,
Amount,Số tiền,
Currency,Tiền tệ,
Quantity,Số lượng,
Price,Giá,
Rate,Đơn giá,
Discount,Chiết khấu,
Tax,Thuế,
Language,Ngôn ngữ,
Company,Công ty,
Country,Quốc gia,
Address,Địa chỉ,
Phone,Điện thoại,
Mobile,Di động,
Website,Website,
# ======================================================================
# Accounting
# ======================================================================
Chart of Accounts,Hệ thống tài khoản,
Account,Tài khoản,
Accounts,Tài khoản,
Journal Entry,Bút toán,
General Ledger,Sổ cái,
Trial Balance,Bảng cân đối phát sinh,
Balance Sheet,Bảng cân đối kế toán,
Profit and Loss Statement,Báo cáo kết quả kinh doanh,
Cash Flow Statement,Báo cáo lưu chuyển tiền tệ,
Accounts Receivable,Công nợ phải thu,
Accounts Payable,Công nợ phải trả,
Cost Center,Trung tâm chi phí,
Fiscal Year,Năm tài chính,
Accounting Period,Kỳ kế toán,
Payment Entry,Phiếu thu/chi,
Bank Reconciliation,Đối chiếu ngân hàng,
Tax Rule,Quy tắc thuế,
Invoice,Hóa đơn,
Invoice Number,Số hóa đơn,
Invoice Date,Ngày hóa đơn,
Due Date,Ngày đến hạn,
Posting Date,Ngày hạch toán,
Reference Date,Ngày tham chiếu,
Reference Number,Số tham chiếu,
Paid Amount,Số tiền đã thanh toán,
Outstanding Amount,Số tiền còn nợ,
Advance Amount,Số tiền tạm ứng,
Debit,Nợ,
Credit,Có,
Debit Note,Giấy báo nợ,
Credit Note,Giấy báo có,
Opening Balance,Số dư đầu kỳ,
Closing Balance,Số dư cuối kỳ,
Receivable,Phải thu,
Payable,Phải trả,
Cash,Tiền mặt,
Bank,Ngân hàng,
Bank Account,Tài khoản ngân hàng,
Bank Statement,Sao kê ngân hàng,
Asset,Tài sản,
Liability,Nợ phải trả,
Equity,Vốn chủ sở hữu,
Income,Doanh thu,
Expense,Chi phí,
Revenue,Doanh thu,
Profit,Lợi nhuận,
Loss,Lỗ,
Gross Profit,Lãi gộp,
Net Profit,Lãi ròng,
Fixed Asset,Tài sản cố định,
Depreciation,Khấu hao,
Accumulated Depreciation,Khấu hao lũy kế,
Stock,Hàng tồn kho,
Stock In Hand,Hàng tồn kho,
Cost of Goods Sold,Giá vốn hàng bán,
Round Off,Làm tròn,
Exchange Rate,Tỷ giá,
Exchange Gain/Loss,Chênh lệch tỷ giá,
Party,Đối tác,
Party Type,Loại đối tác,
Voucher Type,Loại chứng từ,
Voucher No,Số chứng từ,
Against,Đối ứng,
Transaction Date,Ngày giao dịch,
Transaction,Giao dịch,
Opening Entry,Bút toán khai báo,
Period Closing Entry,Bút toán kết chuyển,
Write Off,Xóa nợ,
Advance,Tạm ứng,
Reconcile,Đối chiếu,
Allocation,Phân bổ,
Payment Term,Điều khoản thanh toán,
Payment Schedule,Lịch thanh toán,
Mode of Payment,Hình thức thanh toán,
Tax Category,Danh mục thuế,
Tax Template,Mẫu thuế,
Tax Rate,Thuế suất,
VAT,Thuế GTGT,
Tax Code,Mã số thuế,
Tax ID,Mã số thuế,
Net Total,Tổng trước thuế,
Grand Total,Tổng cộng,
Total Taxes and Charges,Tổng thuế và phí,
Rounded Total,Tổng đã làm tròn,
In Words,Bằng chữ,
Against Account,Tài khoản đối ứng,
Account Type,Loại tài khoản,
Account Number,Số tài khoản,
Root Type,Loại gốc,
Is Group,Là nhóm,
Parent Account,Tài khoản cha,
Balance,Số dư,
Opening Date,Ngày khai báo,
Accounting Dimension,Chiều phân tích,
Budget,Ngân sách,
Budget Variance Report,Báo cáo biến động ngân sách,
Monthly Distribution,Phân bổ theo tháng,
Finance Book,Sổ tài chính,
# ======================================================================
# Selling
# ======================================================================
Customer,Khách hàng,
Customer Group,Nhóm khách hàng,
Customer Name,Tên khách hàng,
Customer Code,Mã khách hàng,
Territory,Khu vực,
Sales Order,Đơn bán hàng,
Sales Invoice,Hóa đơn bán hàng,
Sales Return,Hàng bán trả lại,
Delivery Note,Phiếu xuất kho,
Quotation,Báo giá,
Sales Person,Nhân viên bán hàng,
Sales Partner,Đối tác bán hàng,
Commission Rate,Tỷ lệ hoa hồng,
Selling Settings,Cài đặt bán hàng,
Price List,Bảng giá,
Selling Price List,Bảng giá bán,
Item Price,Giá mặt hàng,
Offer,Khuyến mãi,
Promotional Scheme,Chương trình khuyến mãi,
Pricing Rule,Quy tắc giá,
POS,Điểm bán hàng,
POS Profile,Hồ sơ POS,
POS Invoice,Hóa đơn POS,
Loyalty Program,Chương trình khách hàng thân thiết,
Contact,Liên hệ,
Contact Person,Người liên hệ,
Lead,Khách hàng tiềm năng,
Opportunity,Cơ hội bán hàng,
Campaign,Chiến dịch,
# ======================================================================
# Buying
# ======================================================================
Supplier,Nhà cung cấp,
Supplier Group,Nhóm nhà cung cấp,
Supplier Name,Tên nhà cung cấp,
Supplier Code,Mã nhà cung cấp,
Purchase Order,Đơn mua hàng,
Purchase Invoice,Hóa đơn mua hàng,
Purchase Receipt,Phiếu nhập kho,
Purchase Return,Hàng mua trả lại,
Request for Quotation,Yêu cầu báo giá,
Supplier Quotation,Báo giá nhà cung cấp,
Purchase Taxes and Charges,Thuế và phí mua hàng,
Buying Settings,Cài đặt mua hàng,
Buying Price List,Bảng giá mua,
Supplier Address,Địa chỉ nhà cung cấp,
RFQ,Yêu cầu báo giá,
Landed Cost,Chi phí nhập khẩu,
Landed Cost Voucher,Phiếu chi phí nhập khẩu,
# ======================================================================
# Stock
# ======================================================================
Item,Hàng hóa,
Item Code,Mã hàng,
Item Name,Tên hàng,
Item Group,Nhóm hàng,
Item Variant,Biến thể hàng,
Item Attribute,Thuộc tính hàng,
Brand,Thương hiệu,
UOM,Đơn vị tính,
Unit of Measure,Đơn vị tính,
Stock UOM,ĐVT tồn kho,
Conversion Factor,Hệ số quy đổi,
Warehouse,Kho,
Warehouse Type,Loại kho,
Stock Entry,Phiếu kho,
Stock Reconciliation,Kiểm kê kho,
Stock Ledger,Sổ kho,
Stock Balance,Tồn kho,
Material Issue,Xuất vật tư,
Material Receipt,Nhập vật tư,
Material Transfer,Chuyển kho,
Material Request,Phiếu yêu cầu vật tư,
Manufacture,Sản xuất,
Repack,Đóng gói lại,
Send to Subcontractor,Gửi gia công,
Batch,Lô hàng,
Batch No,Số lô,
Serial No,Số seri,
Bill of Materials,Định mức nguyên vật liệu,
BOM,ĐMNVL,
Item Tax,Thuế hàng hóa,
Stock Settings,Cài đặt kho,
Stock Levels,Mức tồn kho,
Reorder Level,Mức đặt hàng lại,
Reorder Qty,SL đặt hàng lại,
Min Order Qty,SL tối thiểu,
Safety Stock,Tồn kho an toàn,
Lead Time,Thời gian giao hàng,
Valuation Rate,Đơn giá định giá,
Valuation Method,Phương pháp định giá,
FIFO,Nhập trước xuất trước,
LIFO,Nhập sau xuất trước,
Moving Average,Bình quân di động,
Stock Value,Giá trị tồn kho,
Incoming Rate,Đơn giá nhập,
Outgoing Rate,Đơn giá xuất,
Quality Inspection,Kiểm tra chất lượng,
Pick List,Danh sách lấy hàng,
Packing Slip,Phiếu đóng gói,
Delivery Trip,Chuyến giao hàng,
Item Variants,Biến thể hàng hóa,
Default Warehouse,Kho mặc định,
Source Warehouse,Kho nguồn,
Target Warehouse,Kho đích,
Stock Aging,Tuổi hàng tồn kho,
Stock Projected Quantity,SL dự kiến,
Has Batch No,Có quản lý lô,
Has Serial No,Có quản lý số seri,
Manufacture Date,Ngày sản xuất,
Expiry Date,Ngày hết hạn,
Shelf Life,Hạn sử dụng,
# ======================================================================
# HR & Payroll
# ======================================================================
Employee,Nhân viên,
Employee ID,Mã nhân viên,
Employee Name,Tên nhân viên,
Employee Grade,Bậc nhân viên,
Employee Group,Nhóm nhân viên,
Department,Phòng ban,
Designation,Chức danh,
Branch,Chi nhánh,
Division,Bộ phận,
Reports To,Quản lý,
Date of Joining,Ngày vào làm,
Date of Birth,Ngày sinh,
Date of Retirement,Ngày nghỉ hưu,
Gender,Giới tính,
Male,Nam,
Female,Nữ,
Marital Status,Tình trạng hôn nhân,
Single,Độc thân,
Married,Đã kết hôn,
Nationality,Quốc tịch,
Blood Group,Nhóm máu,
Personal Email,Email cá nhân,
Company Email,Email công ty,
Current Address,Địa chỉ hiện tại,
Permanent Address,Địa chỉ thường trú,
Emergency Contact,Liên hệ khẩn cấp,
Bank Name,Tên ngân hàng,
Bank AC No,Số tài khoản ngân hàng,
Holiday List,Danh sách ngày nghỉ,
Holiday,Ngày nghỉ,
Attendance,Chấm công,
Attendance Request,Đơn xin chấm công,
Check In,Vào ca,
Check Out,Tan ca,
Shift Type,Loại ca làm việc,
Shift Assignment,Phân ca,
Work Hours,Giờ làm việc,
Overtime,Tăng ca,
Leave Application,Đơn xin nghỉ phép,
Leave Type,Loại nghỉ phép,
Leave Balance,Số ngày phép còn lại,
Leave Encashment,Thanh toán phép,
Leave Period,Kỳ phép,
Leave Allocation,Phân bổ nghỉ phép,
Compensatory Leave Request,Đơn xin nghỉ bù,
Annual Leave,Nghỉ phép năm,
Sick Leave,Nghỉ ốm,
Casual Leave,Nghỉ việc riêng,
Maternity Leave,Nghỉ thai sản,
Paternity Leave,Nghỉ chăm con,
Unpaid Leave,Nghỉ không lương,
Salary Slip,Phiếu lương,
Salary Structure,Cơ cấu lương,
Salary Structure Assignment,Phân công cơ cấu lương,
Salary Component,Thành phần lương,
Payroll Entry,Bảng lương,
Payroll Period,Kỳ lương,
Payroll Frequency,Tần suất trả lương,
Earning,Thu nhập,
Deduction,Khấu trừ,
Basic Salary,Lương cơ bản,
Gross Pay,Tổng thu nhập,
Net Pay,Thực lĩnh,
Total Earning,Tổng thu nhập,
Total Deduction,Tổng khấu trừ,
Working Days,Ngày công,
Payment Days,Ngày hưởng lương,
Leave Without Pay,Nghỉ không lương,
Loss of Pay,Lương bị trừ,
Allowance,Phụ cấp,
Bonus,Thưởng,
Incentive,Thưởng khuyến khích,
Employee Advance,Tạm ứng nhân viên,
Expense Claim,Đề nghị thanh toán,
Expense Type,Loại chi phí,
Recruitment,Tuyển dụng,
Job Opening,Vị trí tuyển dụng,
Job Applicant,Ứng viên,
Job Offer,Thư mời làm việc,
Appointment Letter,Thư bổ nhiệm,
Appraisal,Đánh giá,
Appraisal Template,Mẫu đánh giá,
Training Event,Sự kiện đào tạo,
Training Feedback,Phản hồi đào tạo,
Skill,Kỹ năng,
Goal,Mục tiêu,
KPI,Chỉ số KPI,
Employee Separation,Nghỉ việc,
Employee Grievance,Khiếu nại,
HR Settings,Cài đặt HR,
Payroll Settings,Cài đặt lương,
# ======================================================================
# Manufacturing
# ======================================================================
Work Order,Lệnh sản xuất,
Production Plan,Kế hoạch sản xuất,
Job Card,Phiếu công việc,
Workstation,Trạm làm việc,
Operation,Công đoạn,
Operation Cost,Chi phí công đoạn,
Routing,Định tuyến,
BOM Operation,Công đoạn ĐMNVL,
BOM Item,Vật tư ĐMNVL,
Sub Assembly,Cụm bán thành phẩm,
Raw Material,Nguyên vật liệu,
Finished Good,Thành phẩm,
Scrap,Phế liệu,
Manufacturing Settings,Cài đặt sản xuất,
Produced Qty,SL đã sản xuất,
Pending Qty,SL còn lại,
Planned Qty,SL kế hoạch,
Actual Start Date,Ngày bắt đầu thực tế,
Actual End Date,Ngày kết thúc thực tế,
Planned Start Date,Ngày bắt đầu kế hoạch,
Planned End Date,Ngày kết thúc kế hoạch,
# ======================================================================
# Projects
# ======================================================================
Project,Dự án,
Project Type,Loại dự án,
Task,Công việc,
Timesheet,Bảng chấm công,
Activity Type,Loại hoạt động,
Activity Cost,Chi phí hoạt động,
Project Template,Mẫu dự án,
Project Update,Cập nhật dự án,
Milestone,Cột mốc,
Progress,Tiến độ,
# ======================================================================
# CRM
# ======================================================================
Lead Source,Nguồn khách hàng,
Lead Owner,Người phụ trách,
Sales Funnel,Phễu bán hàng,
Prospect,Triển vọng,
Contract,Hợp đồng,
Appointment,Lịch hẹn,
Communication,Liên lạc,
Email Campaign,Chiến dịch email,
# ======================================================================
# Assets
# ======================================================================
Asset Category,Nhóm tài sản,
Asset Movement,Điều chuyển tài sản,
Asset Value Adjustment,Điều chỉnh giá trị tài sản,
Asset Maintenance,Bảo trì tài sản,
Asset Repair,Sửa chữa tài sản,
Asset Disposal,Thanh lý tài sản,
Location,Địa điểm,
Custodian,Người quản lý,
Purchase Date,Ngày mua,
Available for Use Date,Ngày đưa vào sử dụng,
Gross Purchase Amount,Nguyên giá,
Useful Life,Thời gian sử dụng,
# ======================================================================
# Vietnam-specific
# ======================================================================
Vietnam,Việt Nam,
Vietnamese,Tiếng Việt,
Vietnamese Dong,Đồng Việt Nam,
VND,VNĐ,
Tax Invoice,Hóa đơn thuế,
E-Invoice,Hóa đơn điện tử,
E-Invoice Number,Số hóa đơn điện tử,
E-Invoice Lookup Code,Mã tra cứu HĐĐT,
E-Invoice Status,Trạng thái HĐĐT,
Published,Đã phát hành,
Not Published,Chưa phát hành,
Replaced,Đã thay thế,
Adjusted,Đã điều chỉnh,
Personal Income Tax,Thuế thu nhập cá nhân,
Corporate Income Tax,Thuế thu nhập doanh nghiệp,
Social Insurance,Bảo hiểm xã hội,
Health Insurance,Bảo hiểm y tế,
Unemployment Insurance,Bảo hiểm thất nghiệp,
Union Fee,Kinh phí công đoàn,
Dependent,Người phụ thuộc,
Dependent Deduction,Giảm trừ người phụ thuộc,
Personal Deduction,Giảm trừ bản thân,
Taxable Income,Thu nhập tính thuế,
Tax Bracket,Bậc thuế,
Minimum Wage,Lương tối thiểu,
Wage Region,Vùng lương,
Base Salary,Lương cơ sở,
Insurance Salary,Lương đóng bảo hiểm,
Insurance Ceiling,Trần bảo hiểm,
Contract Type,Loại hợp đồng,
Probation,Thử việc,
Fixed Term,Xác định thời hạn,
Indefinite Term,Không xác định thời hạn,
Seasonal,Thời vụ,
Province,Tỉnh/Thành phố,
District,Quận/Huyện,
Ward,Phường/Xã,
Tax Authority,Cơ quan thuế,
Tax Period,Kỳ tính thuế,
Month,Tháng,
Quarter,Quý,
Year,Năm,
Annual,Hàng năm,
Quarterly,Hàng quý,
Monthly,Hàng tháng,
Weekly,Hàng tuần,
Daily,Hàng ngày,
# ======================================================================
# UI Actions & Buttons (Extended)
# ======================================================================
Menu,Menu,
Home,Trang chủ,
Back,Quay lại,
Next,Tiếp theo,
Previous,Trước đó,
Finish,Hoàn tất,
Reset,Đặt lại,
Clear,Xóa bộ lọc,
Apply,Áp dụng,
Discard,Bỏ thay đổi,
Continue,Tiếp tục,
Skip,Bỏ qua,
Retry,Thử lại,
Go,Đi,
Select,Chọn,
Select All,Chọn tất cả,
Deselect,Bỏ chọn,
Unselect All,Bỏ chọn tất cả,
Browse,Duyệt,
Upload File,Tải lên tệp,
Download File,Tải tệp xuống,
Send,Gửi,
Reply,Trả lời,
Forward,Chuyển tiếp,
Reply All,Trả lời tất cả,
Assign,Phân công,
Unassign,Bỏ phân công,
Assign To,Phân công cho,
Follow,Theo dõi,
Unfollow,Bỏ theo dõi,
Share,Chia sẻ,
Unshare,Bỏ chia sẻ,
Bookmark,Đánh dấu,
Star,Gắn sao,
Like,Thích,
Rate,Đánh giá,
Vote,Bình chọn,
Report This,Báo cáo,
More,Thêm,
Less,Ít hơn,
Show,Hiển thị,
Hide,Ẩn,
Show More,Xem thêm,
Show Less,Ẩn bớt,
Show Details,Xem chi tiết,
Expand,Mở rộng,
Collapse,Thu gọn,
Expand All,Mở rộng tất cả,
Collapse All,Thu gọn tất cả,
Zoom In,Phóng to,
Zoom Out,Thu nhỏ,
Full Screen,Toàn màn hình,
Exit Full Screen,Thoát toàn màn hình,
Refresh List,Làm mới danh sách,
Sort,Sắp xếp,
Sort By,Sắp xếp theo,
Ascending,Tăng dần,
Descending,Giảm dần,
Group By,Nhóm theo,
Filter By,Lọc theo,
Date Range,Khoảng thời gian,
Today,Hôm nay,
Yesterday,Hôm qua,
Tomorrow,Ngày mai,
This Week,Tuần này,
Last Week,Tuần trước,
Next Week,Tuần sau,
This Month,Tháng này,
Last Month,Tháng trước,
Next Month,Tháng sau,
This Quarter,Quý này,
Last Quarter,Quý trước,
This Year,Năm nay,
Last Year,Năm trước,
Last 7 Days,7 ngày qua,
Last 30 Days,30 ngày qua,
Last 90 Days,90 ngày qua,
Custom Range,Khoảng tùy chỉnh,
All Time,Mọi lúc,
# ======================================================================
# Status values
# ======================================================================
Open,Mở,
Closed,Đã đóng,
Pending,Đang chờ,
In Progress,Đang xử lý,
Completed,Đã hoàn thành,
On Hold,Tạm dừng,
Active,Đang hoạt động,
Inactive,Không hoạt động,
Enabled,Đã bật,
Disabled,Đã tắt,
Approved,Đã phê duyệt,
Rejected,Đã từ chối,
Paid,Đã thanh toán,
Unpaid,Chưa thanh toán,
Partly Paid,Thanh toán một phần,
Overdue,Quá hạn,
Expired,Đã hết hạn,
Valid,Còn hiệu lực,
Invalid,Không hợp lệ,
Verified,Đã xác minh,
Unverified,Chưa xác minh,
To Submit,Chưa xác nhận,
To Deliver,Chưa giao,
To Receive,Chưa nhận,
To Pay,Chưa trả,
To Bill,Chưa lập HĐ,
To Deliver and Bill,Chưa giao và chưa lập HĐ,
Delivered,Đã giao,
Received,Đã nhận,
Shipped,Đã chuyển,
Returned,Đã trả về,
Partially Delivered,Giao một phần,
Partially Received,Nhận một phần,
Partially Billed,Lập HĐ một phần,
Fully Paid,Đã trả đủ,
Fully Delivered,Đã giao đủ,
Fully Billed,Đã lập HĐ đủ,
# ======================================================================
# Messages
# ======================================================================
Not Set,Chưa đặt,
Not Specified,Chưa xác định,
Not Available,Không khả dụng,
No Data,Không có dữ liệu,
No Records,Không có bản ghi,
No Results Found,Không tìm thấy kết quả,
Please Select,Vui lòng chọn,
Please Enter,Vui lòng nhập,
Please Wait,Vui lòng chờ,
Are you sure?,Bạn có chắc không?,
This cannot be undone,Không thể hoàn tác,
Operation Successful,Thao tác thành công,
Operation Failed,Thao tác thất bại,
Access Denied,Không có quyền truy cập,
Session Expired,Phiên làm việc đã hết hạn,
Login Required,Yêu cầu đăng nhập,
Not Found,Không tìm thấy,
Server Error,Lỗi máy chủ,
Connection Lost,Mất kết nối,
Try Again Later,Vui lòng thử lại sau,
Record Updated,Bản ghi đã được cập nhật,
Record Deleted,Bản ghi đã được xóa,
Record Created,Bản ghi đã được tạo,
Field is Required,Trường bắt buộc,
Invalid Input,Dữ liệu không hợp lệ,
Cannot be Empty,Không được để trống,
Email Required,Email bắt buộc,
Invalid Email,Email không hợp lệ,
Duplicate Entry,Dữ liệu trùng lặp,
# ======================================================================
# Form common fields
# ======================================================================
Created,Được tạo,
Modified,Được sửa đổi,
Created By,Người tạo,
Modified By,Người sửa đổi,
Owner,Chủ sở hữu,
Assigned To,Được giao cho,
Priority,Độ ưu tiên,
High,Cao,
Medium,Trung bình,
Low,Thấp,
Urgent,Khẩn cấp,
Normal,Bình thường,
Color,Màu sắc,
Icon,Biểu tượng,
Image,Hình ảnh,
Attachment,Tệp đính kèm,
Attachments,Các tệp đính kèm,
File Name,Tên tệp,
File Size,Kích thước tệp,
File Type,Loại tệp,
Version,Phiên bản,
Revision,Bản sửa đổi,
Number,Số,
Code,Mã,
ID,Mã định danh,
Reference,Tham chiếu,
Remarks,Ghi chú,
Notes,Ghi chú,
Memo,Memo,
Signature,Chữ ký,
Reason,Lý do,
Purpose,Mục đích,
Details,Chi tiết,
Summary,Tóm tắt,
Full Name,Họ và tên,
First Name,Tên,
Last Name,Họ,
Middle Name,Tên đệm,
Date From,Từ ngày,
Date To,Đến ngày,
Time From,Từ giờ,
Time To,Đến giờ,
Start,Bắt đầu,
End,Kết thúc,
Start Date,Ngày bắt đầu,
End Date,Ngày kết thúc,
Start Time,Giờ bắt đầu,
End Time,Giờ kết thúc,
Duration,Thời lượng,
Frequency,Tần suất,
Hours,Giờ,
Minutes,Phút,
Seconds,Giây,
Days,Ngày,
Weeks,Tuần,
Months,Tháng,
Years,Năm,
# ======================================================================
# Numbers & units
# ======================================================================
First,Đầu tiên,
Second,Thứ hai,
Third,Thứ ba,
Last,Cuối cùng,
One,Một,
Two,Hai,
Many,Nhiều,
Several,Vài,
Each,Mỗi,
Per,Mỗi,
Percent,Phần trăm,
Percentage,Phần trăm,
Ratio,Tỷ lệ,
Count,Đếm,
Total Count,Tổng số lượng,
Average,Trung bình,
Minimum,Tối thiểu,
Maximum,Tối đa,
Sum,Tổng,
Difference,Chênh lệch,
Range,Khoảng,
# ======================================================================
# Accounting - extended
# ======================================================================
Journal,Nhật ký,
Ledger,Sổ,
Entry,Bút toán,
Entries,Các bút toán,
Payment,Thanh toán,
Payments,Các thanh toán,
Receipt,Biên nhận,
Receipts,Các biên nhận,
Voucher,Chứng từ,
Vouchers,Chứng từ,
Dunning,Thông báo nhắc nợ,
Cheque,Séc,
Cheque No,Số séc,
Cheque Date,Ngày séc,
Clearance Date,Ngày thanh toán sec,
Bank Transaction,Giao dịch ngân hàng,
Deposit,Gửi,
Withdrawal,Rút,
Transfer,Chuyển khoản,
Exchange,Quy đổi,
Foreign Currency,Ngoại tệ,
Local Currency,Nội tệ,
Account Currency,Tiền tệ tài khoản,
Base Currency,Tiền tệ cơ sở,
Opening Invoice,Hóa đơn đầu kỳ,
Point of Sale,Điểm bán hàng,
POS Settings,Cài đặt POS,
Opening Voucher,Chứng từ khai báo,
Closing Voucher,Chứng từ kết chuyển,
Budget,Ngân sách,
Budget Allocation,Phân bổ ngân sách,
Cash Flow,Lưu chuyển tiền tệ,
Retained Earnings,Lợi nhuận giữ lại,
Dividend,Cổ tức,
Dividends,Cổ tức,
Depreciation Schedule,Lịch khấu hao,
Depreciation Entry,Bút toán khấu hao,
Asset Register,Sổ tài sản,
Asset Depreciation,Khấu hao tài sản,
Accrual,Dồn tích,
Accrued Expense,Chi phí phải trả,
Accrued Income,Thu nhập phải thu,
Prepaid,Trả trước,
Deferred,Hoãn lại,
Provision,Dự phòng,
Write-off,Xóa nợ,
Bad Debt,Nợ xấu,
Discount Allowed,Chiết khấu cho khách hàng,
Discount Received,Chiết khấu từ nhà cung cấp,
Invoice Line,Dòng hóa đơn,
Line Item,Mặt hàng,
Line Total,Thành tiền,
Line Discount,Chiết khấu dòng,
Line Tax,Thuế dòng,
Payment Reconciliation,Đối chiếu thanh toán,
Party Account,Tài khoản đối tác,
Advance Payment,Tạm ứng thanh toán,
Refund,Hoàn tiền,
Refund Amount,Số tiền hoàn,
# ======================================================================
# HR & Payroll - extended
# ======================================================================
Shift,Ca làm việc,
Shift Schedule,Lịch ca làm việc,
Roster,Lịch trực,
Clock In,Điểm danh vào,
Clock Out,Điểm danh ra,
Break,Nghỉ giữa ca,
Overtime Hours,Số giờ tăng ca,
Overtime Rate,Đơn giá tăng ca,
Night Shift,Ca đêm,
Day Shift,Ca ngày,
Weekend,Cuối tuần,
Weekday,Ngày thường,
Public Holiday,Ngày nghỉ lễ,
Paid Holiday,Nghỉ lễ có lương,
Sunday,Chủ nhật,
Monday,Thứ hai,
Tuesday,Thứ ba,
Wednesday,Thứ tư,
Thursday,Thứ năm,
Friday,Thứ sáu,
Saturday,Thứ bảy,
January,Tháng một,
February,Tháng hai,
March,Tháng ba,
April,Tháng tư,
May,Tháng năm,
June,Tháng sáu,
July,Tháng bảy,
August,Tháng tám,
September,Tháng chín,
October,Tháng mười,
November,Tháng mười một,
December,Tháng mười hai,
Probation Period,Thời gian thử việc,
Permanent Employee,Nhân viên chính thức,
Temporary Employee,Nhân viên tạm thời,
Contract Employee,Nhân viên hợp đồng,
Intern,Thực tập sinh,
Employee Status,Trạng thái nhân viên,
Left,Đã nghỉ việc,
Suspended,Bị đình chỉ,
Working,Đang làm việc,
Promotion,Thăng chức,
Transfer,Chuyển công tác,
Resignation,Đơn xin nghỉ việc,
Termination,Chấm dứt hợp đồng,
Retirement,Nghỉ hưu,
Benefit,Phúc lợi,
Benefits,Các phúc lợi,
Employee Benefit,Phúc lợi nhân viên,
Retention,Giữ chân,
Performance,Hiệu suất,
Evaluation,Đánh giá,
Score,Điểm số,
Rating,Xếp hạng,
Feedback,Phản hồi,
Training,Đào tạo,
Certification,Chứng chỉ,
Course,Khóa học,
Skill Map,Bản đồ kỹ năng,
# ======================================================================
# Sales & Quotation
# ======================================================================
Valid Till,Hiệu lực đến,
Validity,Hiệu lực,
Transaction Type,Loại giao dịch,
Order Type,Loại đơn hàng,
Shopping Cart,Giỏ hàng,
Checkout,Thanh toán,
Order Confirmation,Xác nhận đơn hàng,
Sales Return,Hàng bán trả lại,
Credit Limit,Hạn mức tín dụng,
Customer Credit,Tín dụng khách hàng,
Aging,Tuổi nợ,
AR Aging,Tuổi nợ phải thu,
AP Aging,Tuổi nợ phải trả,
Collection,Thu hồi công nợ,
Dunning Letter,Thư nhắc nợ,
Statement of Accounts,Bảng sao kê tài khoản,
# ======================================================================
# Projects & Tasks
# ======================================================================
Project Manager,Quản lý dự án,
Project Name,Tên dự án,
Project Status,Trạng thái dự án,
Project Value,Giá trị dự án,
Project Type,Loại dự án,
Project Budget,Ngân sách dự án,
Project Progress,Tiến độ dự án,
Task Name,Tên công việc,
Task Type,Loại công việc,
Task Status,Trạng thái công việc,
Task Priority,Độ ưu tiên công việc,
Task Assignee,Người được giao,
Task Due Date,Hạn chót công việc,
Parent Task,Công việc cha,
Subtask,Công việc con,
Dependency,Phụ thuộc,
Dependencies,Các phụ thuộc,
Timeline,Dòng thời gian,
Gantt,Biểu đồ Gantt,
Kanban,Kanban,
Calendar,Lịch,
# ======================================================================
# Portal / Website
# ======================================================================
Portal,Cổng thông tin,
Portal User,Người dùng cổng thông tin,
Website,Trang web,
Web Page,Trang web,
Blog Post,Bài viết blog,
Blog Category,Danh mục blog,
Blog Settings,Cài đặt blog,
Sidebar,Thanh bên,
Navbar,Thanh điều hướng,
Footer,Chân trang,
Header,Tiêu đề,
Banner,Biểu ngữ,
Hero,Hero,
Landing Page,Trang đích,
About Us,Về chúng tôi,
Contact Us,Liên hệ,
FAQ,Câu hỏi thường gặp,
# ======================================================================
# System / Admin
# ======================================================================
System,Hệ thống,
Administration,Quản trị,
Admin,Quản trị viên,
Role Profile,Hồ sơ vai trò,
User Permission,Quyền người dùng,
Permission Manager,Quản lý phân quyền,
Audit Trail,Nhật ký kiểm toán,
Audit Log,Nhật ký kiểm toán,
Activity Log,Nhật ký hoạt động,
Error Log,Nhật ký lỗi,
Access Log,Nhật ký truy cập,
System Settings,Cài đặt hệ thống,
Global Defaults,Mặc định toàn hệ thống,
Format Options,Tùy chọn định dạng,
Date Format,Định dạng ngày,
Time Format,Định dạng giờ,
Number Format,Định dạng số,
Currency Format,Định dạng tiền tệ,
Time Zone,Múi giờ,
Float Precision,Độ chính xác số thập phân,
Backup,Sao lưu,
Restore,Khôi phục,
Migrate,Di chuyển,
Install,Cài đặt,
Uninstall,Gỡ cài đặt,
Reinstall,Cài lại,
Upgrade,Nâng cấp,
Downgrade,Hạ cấp,
Version Control,Quản lý phiên bản,
# ======================================================================
# Manufacturing - extended
# ======================================================================
Production,Sản xuất,
Work Center,Trung tâm làm việc,
Operator,Công nhân vận hành,
Operation Time,Thời gian công đoạn,
Cycle Time,Chu kỳ,
Setup Time,Thời gian chuẩn bị,
Run Time,Thời gian chạy,
Idle Time,Thời gian rảnh,
Downtime,Thời gian ngừng,
Utilization,Tỷ lệ sử dụng,
Capacity,Công suất,
Capacity Planning,Hoạch định công suất,
MRP,Hoạch định yêu cầu vật tư,
MPS,Hoạch định sản xuất tổng thể,
Scrap Rate,Tỷ lệ phế liệu,
Yield,Tỷ lệ thành phẩm,
Rework,Làm lại,
Reject,Từ chối,
Defect,Lỗi,
Defect Rate,Tỷ lệ lỗi,
Inspection,Kiểm tra,
Pass,Đạt,
Fail,Không đạt,
Good,Tốt,
Bad,Xấu,
Average Quality,Chất lượng trung bình,
Workstation Downtime,Thời gian dừng trạm,
# ======================================================================
# Assets - extended
# ======================================================================
Asset Name,Tên tài sản,
Asset Code,Mã tài sản,
Asset Type,Loại tài sản,
Serial Number,Số seri,
Purchase Cost,Nguyên giá,
Salvage Value,Giá trị thanh lý,
Current Value,Giá trị hiện tại,
Book Value,Giá trị sổ sách,
Market Value,Giá trị thị trường,
Depreciation Method,Phương pháp khấu hao,
Straight Line,Khấu hao đều,
Declining Balance,Khấu hao số dư giảm dần,
Double Declining,Khấu hao số dư giảm dần kép,
Manufacturing Asset,Tài sản sản xuất,
Office Equipment,Thiết bị văn phòng,
Vehicle,Phương tiện,
Building,Tòa nhà,
Land,Đất đai,
Software,Phần mềm,
Furniture,Nội thất,
# ======================================================================
# CRM - extended
# ======================================================================
Lead Name,Tên khách hàng tiềm năng,
Lead Status,Trạng thái khách hàng tiềm năng,
Lead Score,Điểm khách hàng tiềm năng,
New,Mới,
Contacted,Đã liên hệ,
Qualified,Đủ tiêu chuẩn,
Unqualified,Không đủ tiêu chuẩn,
Interested,Quan tâm,
Converted,Đã chuyển đổi,
Lost,Mất,
Won,Thắng,
Opportunity Stage,Giai đoạn cơ hội,
Prospecting,Thăm dò,
Qualification,Đánh giá,
Needs Analysis,Phân tích nhu cầu,
Proposal,Đề xuất,
Negotiation,Đàm phán,
Closed Won,Đã thắng,
Closed Lost,Đã thua,
Contact Type,Loại liên hệ,
Primary Contact,Liên hệ chính,
Secondary Contact,Liên hệ phụ,
# ======================================================================
# Support / Helpdesk
# ======================================================================
Ticket,Phiếu hỗ trợ,
Ticket Type,Loại phiếu,
Ticket Priority,Độ ưu tiên phiếu,
Issue,Vấn đề,
Issue Type,Loại vấn đề,
Issue Status,Trạng thái vấn đề,
SLA,Thỏa thuận mức dịch vụ,
Response Time,Thời gian phản hồi,
Resolution Time,Thời gian giải quyết,
First Response,Phản hồi lần đầu,
Customer Happiness,Mức độ hài lòng khách hàng,
Satisfaction,Mức độ hài lòng,
Resolved,Đã giải quyết,
Unresolved,Chưa giải quyết,
Escalated,Đã leo thang,
Knowledge Base,Cơ sở tri thức,
Article,Bài viết,
Solution,Giải pháp,
# ======================================================================
# Common UI extras
# ======================================================================
Dashboard Settings,Cài đặt bảng tổng quan,
Reports,Báo cáo,
Report Builder,Trình tạo báo cáo,
Query Report,Báo cáo truy vấn,
Script Report,Báo cáo kịch bản,
Print Preview,Xem trước in,
Print Format,Mẫu in,
Letter Head,Giấy tiêu đề,
Footer,Chân trang,
Watermark,Hình mờ,
Auto Print,In tự động,
Print Only Selected,Chỉ in mục đã chọn,
Export to Excel,Xuất sang Excel,
Export to CSV,Xuất sang CSV,
Export to PDF,Xuất sang PDF,
Email Template,Mẫu email,
Notification Settings,Cài đặt thông báo,
System Notification,Thông báo hệ thống,
Alert,Cảnh báo,
Mute,Tắt âm,
Unmute,Bật âm,
# ======================================================================
# Validations / Errors
# ======================================================================
Validation Error,Lỗi kiểm tra,
Required Field,Trường bắt buộc,
Duplicate Name,Tên bị trùng,
Invalid Value,Giá trị không hợp lệ,
Link Not Found,Không tìm thấy liên kết,
Permission Error,Lỗi phân quyền,
You do not have permission,Bạn không có quyền,
Cannot Delete,Không thể xóa,
Cannot Edit,Không thể sửa,
Cannot Submit,Không thể xác nhận,
Cannot Cancel,Không thể hủy,
Document is Submitted,Tài liệu đã được xác nhận,
Document is Cancelled,Tài liệu đã bị hủy,
Future Date Not Allowed,Không cho phép ngày trong tương lai,
Past Date Not Allowed,Không cho phép ngày trong quá khứ,
Date Must Be After,Ngày phải sau,
Date Must Be Before,Ngày phải trước,
Amount Must Be Positive,Số tiền phải dương,
Quantity Must Be Positive,Số lượng phải dương,
Maximum Limit Reached,Đã đạt giới hạn tối đa,
Insufficient Stock,Thiếu hàng tồn kho,
Negative Balance,Số dư âm,
Out of Stock,Hết hàng,
Low Stock,Sắp hết hàng,
Over Delivery,Giao vượt,
Over Billing,Lập HĐ vượt,
# ======================================================================
# Quality / Other
# ======================================================================
Quality Goal,Mục tiêu chất lượng,
Quality Review,Đánh giá chất lượng,
Quality Procedure,Quy trình chất lượng,
Quality Meeting,Cuộc họp chất lượng,
Quality Feedback,Phản hồi chất lượng,
Non Conformance,Không phù hợp,
Corrective Action,Hành động khắc phục,
Preventive Action,Hành động phòng ngừa,
Audit,Kiểm toán,
Compliance,Tuân thủ,
# ======================================================================
# Misc common
# ======================================================================
Unknown,Không rõ,
N/A,Không áp dụng,
None,Không có,
Default,Mặc định,
Custom,Tùy chỉnh,
Standard,Chuẩn,
Template,Mẫu,
Sample,Mẫu,
Example,Ví dụ,
Draft Mode,Chế độ nháp,
Preview Mode,Chế độ xem trước,
Edit Mode,Chế độ chỉnh sửa,
View Mode,Chế độ xem,
Dark Mode,Chế độ tối,
Light Mode,Chế độ sáng,
Auto Mode,Chế độ tự động,
Manual Mode,Chế độ thủ công,
Public,Công khai,
Private,Riêng tư,
Internal,Nội bộ,
External,Bên ngoài,
Included,Đã bao gồm,
Excluded,Đã loại trừ,
Primary,Chính,
Secondary,Phụ,
Additional,Bổ sung,
Optional Field,Trường tùy chọn,
Mandatory Field,Trường bắt buộc,
Read Only,Chỉ đọc,
Read Write,Đọc ghi,
No Access,Không có quyền truy cập,
Details Page,Trang chi tiết,
List View,Xem danh sách,
Tree View,Xem dạng cây,
Report View,Xem báo cáo,
Dashboard View,Xem tổng quan,
Form View,Xem biểu mẫu,
Card View,Xem dạng thẻ,
Calendar View,Xem dạng lịch,
Timeline View,Xem dạng dòng thời gian,
Gantt View,Xem dạng Gantt,
Kanban View,Xem dạng Kanban,
Map View,Xem dạng bản đồ,
# ======================================================================
# E-Invoicing specific VN
# ======================================================================
Invoice Template,Mẫu hóa đơn,
Invoice Series,Ký hiệu hóa đơn,
Invoice Issuing,Phát hành hóa đơn,
Invoice Cancellation,Hủy hóa đơn,
Invoice Replacement,Thay thế hóa đơn,
Invoice Adjustment,Điều chỉnh hóa đơn,
Digital Signature,Chữ ký số,
Certificate,Chứng thư số,
Tax Verification,Xác thực thuế,
Provider,Nhà cung cấp,
Sandbox,Thử nghiệm,
Production,Chính thức,
API Key,Khóa API,
API Secret,Bí mật API,
Token,Token,
Authentication,Xác thực,
Authorization,Phân quyền,
# ======================================================================
# Login / Authentication
# ======================================================================
Login,Đăng nhập,
Logout,Đăng xuất,
Sign In,Đăng nhập,
Sign Out,Đăng xuất,
Sign Up,Đăng ký,
Register,Đăng ký,
Username,Tên đăng nhập,
Password,Mật khẩu,
Confirm Password,Xác nhận mật khẩu,
Old Password,Mật khẩu cũ,
New Password,Mật khẩu mới,
Forgot Password,Quên mật khẩu,
Reset Password,Đặt lại mật khẩu,
Change Password,Đổi mật khẩu,
Remember Me,Ghi nhớ tôi,
Stay Signed In,Duy trì đăng nhập,
Two-Factor Authentication,Xác thực hai lớp,
OTP,Mã OTP,
Verification Code,Mã xác minh,
Account,Tài khoản,
My Account,Tài khoản của tôi,
Profile,Hồ sơ,
My Profile,Hồ sơ của tôi,
Update Profile,Cập nhật hồ sơ,
Preferences,Tùy chọn,
Account Settings,Cài đặt tài khoản,
Security,Bảo mật,
API Access,Truy cập API,
Session,Phiên làm việc,
Login History,Lịch sử đăng nhập,
Last Login,Lần đăng nhập cuối,
Password Expired,Mật khẩu đã hết hạn,
Account Locked,Tài khoản bị khóa,
Welcome Back,Chào mừng trở lại,
# ======================================================================
# Dashboard elements
# ======================================================================
Dashboard Chart,Biểu đồ tổng quan,
Number Card,Thẻ số liệu,
Workspace,Không gian làm việc,
Card,Thẻ,
Tile,Ô,
Widget,Widget,
Chart,Biểu đồ,
Line Chart,Biểu đồ đường,
Bar Chart,Biểu đồ cột,
Pie Chart,Biểu đồ tròn,
Donut Chart,Biểu đồ vòng,
Area Chart,Biểu đồ vùng,
Percentage,Phần trăm,
Progress Bar,Thanh tiến độ,
Heatmap,Bản đồ nhiệt,
Shortcut,Lối tắt,
Quick Access,Truy cập nhanh,
Recent,Gần đây,
Favorites,Yêu thích,
Pinned,Đã ghim,
Pin,Ghim,
Unpin,Bỏ ghim,
Sticky,Cố định,
Trending,Xu hướng,
Top Performers,Hàng đầu,
Highlights,Điểm nổi bật,
Key Metrics,Chỉ số chính,
KPI Dashboard,Tổng quan KPI,
Goal Progress,Tiến độ mục tiêu,
# ======================================================================
# Document workflow
# ======================================================================
Workflow State,Trạng thái quy trình,
Workflow Action,Hành động quy trình,
Workflow Transition,Chuyển trạng thái,
Next State,Trạng thái tiếp theo,
Previous State,Trạng thái trước,
Allow Edit,Cho phép chỉnh sửa,
Send For Approval,Gửi phê duyệt,
Pending Approval,Chờ phê duyệt,
Sent For Approval,Đã gửi phê duyệt,
Under Review,Đang xem xét,
Reviewed,Đã xem xét,
Resubmit,Gửi lại,
Revise,Sửa đổi,
Revision Required,Cần sửa đổi,
Change Request,Yêu cầu thay đổi,
Version History,Lịch sử phiên bản,
Latest Version,Phiên bản mới nhất,
Draft Version,Bản nháp,
Published Version,Bản đã phát hành,
# ======================================================================
# More Accounting
# ======================================================================
Payment Received,Đã nhận thanh toán,
Payment Made,Đã thanh toán,
Internal Transfer,Chuyển khoản nội bộ,
Pay,Thanh toán,
Receive,Nhận,
Settle,Đối trừ,
Settled,Đã đối trừ,
Unsettled,Chưa đối trừ,
On Account,Ghi nợ/có,
Partial Payment,Thanh toán một phần,
Full Payment,Thanh toán toàn bộ,
Overpaid,Thanh toán dư,
Underpaid,Thanh toán thiếu,
Payment Status,Trạng thái thanh toán,
Gross Amount,Số tiền gộp,
Net Amount,Số tiền thực,
Paid Off,Đã trả hết,
Carry Forward,Chuyển sang kỳ sau,
Closing Entry,Bút toán kết chuyển,
Opening,Khai báo,
Closing,Kết chuyển,
Accrued,Đã dồn tích,
Unbilled,Chưa lập HĐ,
Billed,Đã lập HĐ,
Unreconciled,Chưa đối chiếu,
Reconciled,Đã đối chiếu,
Matching,Đối chiếu,
Matched,Đã đối chiếu,
Unmatched,Chưa đối chiếu,
Mismatch,Không khớp,
Cost,Chi phí,
Margin,Lợi nhuận,
Markup,Chênh lệch,
Profit Margin,Biên lợi nhuận,
# ======================================================================
# More HR specifics
# ======================================================================
Employee Checkin,Điểm danh nhân viên,
Time Off,Nghỉ phép,
Leave Balance,Số ngày phép còn,
Leave Calendar,Lịch nghỉ phép,
Apply Leave,Xin nghỉ phép,
Leave Approved,Nghỉ phép đã duyệt,
Leave Rejected,Nghỉ phép bị từ chối,
Sick Days,Ngày nghỉ ốm,
Maternity,Thai sản,
Paternity,Nghỉ chăm con,
Bereavement,Tang sự,
Wedding,Cưới hỏi,
Personal Day,Ngày nghỉ cá nhân,
Emergency Leave,Nghỉ khẩn cấp,
Absence,Vắng mặt,
Present,Có mặt,
Absent,Vắng mặt,
Half Day,Nửa ngày,
Late,Đi muộn,
Early Leave,Về sớm,
On Duty,Đang làm việc,
Off Duty,Không làm việc,
Hours Worked,Số giờ làm việc,
Total Hours,Tổng số giờ,
Effective From,Có hiệu lực từ,
Valid From,Hiệu lực từ,
Valid To,Hiệu lực đến,
Probation End,Kết thúc thử việc,
Employee Onboarding,Nhập công nhân viên,
Offboarding,Rời công ty,
Exit Interview,Phỏng vấn thôi việc,
Exit Date,Ngày nghỉ việc,
Separation Date,Ngày chấm dứt HĐLĐ,
Years of Service,Thâm niên,
Seniority,Thâm niên,
Total Experience,Tổng kinh nghiệm,
Skills,Kỹ năng,
Qualifications,Trình độ,
Education,Học vấn,
Work Experience,Kinh nghiệm làm việc,
Previous Employer,Chủ cũ,
Position,Vị trí,
Job Description,Mô tả công việc,
Job Title,Chức danh,
Responsibility,Trách nhiệm,
Report To,Báo cáo cho,
Supervisor,Người giám sát,
Manager,Quản lý,
Team Lead,Trưởng nhóm,
Team,Đội,
Teams,Các đội,
# ======================================================================
# Warehouse / Inventory detailed
# ======================================================================
Warehouse Name,Tên kho,
Warehouse Code,Mã kho,
Aisle,Dãy kệ,
Shelf,Kệ,
Bin,Ngăn,
Zone,Khu vực,
Location Code,Mã vị trí,
Put Away,Nhập kệ,
Pick,Lấy hàng,
Pack,Đóng gói,
Ship,Giao hàng,
Shipment,Lô hàng,
Shipping,Vận chuyển,
Carrier,Đơn vị vận chuyển,
Tracking,Theo dõi,
Tracking Number,Mã vận đơn,
Tracking Status,Trạng thái vận chuyển,
In Transit,Đang vận chuyển,
Delivered to Customer,Đã giao cho khách,
Delivery Attempt,Lần giao thử,
Failed Delivery,Giao thất bại,
Stock On Hand,Tồn kho thực tế,
Stock On Order,Hàng đặt mua,
Committed Stock,Hàng đã đặt bán,
Available Stock,Hàng có thể bán,
Reserved Qty,Số lượng đã đặt,
Ordered Qty,Số lượng đã đặt mua,
Projected Qty,Số lượng dự kiến,
Shortage,Thiếu hàng,
Over Stock,Dư hàng,
Dead Stock,Hàng tồn lâu,
Cycle Count,Kiểm kê định kỳ,
Physical Count,Kiểm kê thực tế,
Audit Count,Kiểm kê đột xuất,
Variance,Chênh lệch,
Adjustment,Điều chỉnh,
Stock Adjustment,Điều chỉnh tồn kho,
Qty Difference,Chênh lệch số lượng,
Value Difference,Chênh lệch giá trị,
Barcode,Mã vạch,
QR Code,Mã QR,
# ======================================================================
# Purchase lifecycle
# ======================================================================
Material Requirement,Yêu cầu vật tư,
Purchase Request,Đề nghị mua hàng,
Supplier Selection,Chọn nhà cung cấp,
Vendor,Nhà cung cấp,
Vendor Assessment,Đánh giá NCC,
RFQ Response,Phản hồi YCBG,
PO Confirmation,Xác nhận đơn mua,
Goods Receipt,Phiếu nhận hàng,
Three Way Match,Đối chiếu ba chiều,
Invoice Matching,Đối chiếu hóa đơn,
Vendor Invoice,Hóa đơn NCC,
# ======================================================================
# Sales lifecycle
# ======================================================================
Lead to Cash,Từ tiếp cận tới thu tiền,
Order to Cash,Từ đơn hàng tới thu tiền,
Customer Onboarding,Tiếp nhận khách hàng,
Sales Pipeline,Đường ống bán hàng,
Pipeline,Đường ống,
Forecast,Dự báo,
Sales Forecast,Dự báo doanh số,
Achievement,Thành tích,
Quota,Hạn ngạch,
Target,Mục tiêu,
Actual,Thực tế,
# ======================================================================
# Item / Product detail
# ======================================================================
Item Details,Chi tiết hàng hóa,
Item Description,Mô tả hàng hóa,
Item Image,Hình ảnh hàng hóa,
Product,Sản phẩm,
Products,Sản phẩm,
Product Group,Nhóm sản phẩm,
Product Category,Danh mục sản phẩm,
SKU,Mã SKU,
Weight,Trọng lượng,
Weight UOM,Đơn vị trọng lượng,
Dimensions,Kích thước,
Length,Chiều dài,
Width,Chiều rộng,
Height,Chiều cao,
Volume,Thể tích,
Net Weight,Trọng lượng tịnh,
Gross Weight,Trọng lượng cả bì,
Hazardous,Nguy hiểm,
Perishable,Dễ hư hỏng,
Fragile,Dễ vỡ,
Storage Temperature,Nhiệt độ bảo quản,
Supplier Item Code,Mã hàng NCC,
Customer Item Code,Mã hàng KH,
Manufacturer,Nhà sản xuất,
Manufacturer Part Number,Số phụ tùng NSX,
Country of Origin,Nước xuất xứ,
HS Code,Mã HS,
Tariff Number,Mã thuế,
# ======================================================================
# Payment detail
# ======================================================================
Payment Method,Phương thức thanh toán,
Cash Payment,Thanh toán tiền mặt,
Bank Transfer,Chuyển khoản ngân hàng,
Credit Card,Thẻ tín dụng,
Debit Card,Thẻ ghi nợ,
Online Payment,Thanh toán trực tuyến,
Mobile Payment,Thanh toán di động,
QR Payment,Thanh toán QR,
Wallet,Ví,
E-Wallet,Ví điện tử,
Momo,Ví Momo,
VNPay,VNPay,
ZaloPay,ZaloPay,
VietQR,VietQR,
Napas,Napas,
Installment,Trả góp,
Cash on Delivery,Thanh toán khi nhận hàng,
COD,COD,
Prepayment,Thanh toán trước,
Deposit Payment,Thanh toán đặt cọc,
Balance Payment,Thanh toán phần còn lại,
Final Payment,Thanh toán cuối cùng,
Processing Fee,Phí xử lý,
Transaction Fee,Phí giao dịch,
# ======================================================================
# Communication
# ======================================================================
Message,Tin nhắn,
Messages,Tin nhắn,
Inbox,Hộp thư đến,
Outbox,Hộp thư đi,
Sent,Đã gửi,
Drafts,Bản nháp,
Trash,Thùng rác,
Spam,Thư rác,
Archive,Lưu trữ,
Starred,Đã gắn sao,
Read,Đã đọc,
Unread,Chưa đọc,
Mark as Read,Đánh dấu đã đọc,
Mark as Unread,Đánh dấu chưa đọc,
Conversation,Cuộc trò chuyện,
Thread,Chuỗi tin nhắn,
Reply to,Trả lời,
Reply Above,Trả lời bên trên,
Mention,Nhắc đến,
Mentioned You,Đã nhắc đến bạn,
# ======================================================================
# Frappe framework common strings
# ======================================================================
Desk,Bàn làm việc,
Modules,Các module,
Module,Module,
App,Ứng dụng,
Apps,Ứng dụng,
Site,Trang,
Awesome Bar,Thanh tìm kiếm nhanh,
Search or Command,Tìm kiếm hoặc lệnh,
Recent Activity,Hoạt động gần đây,
Help,Trợ giúp,
Help Menu,Trợ giúp,
Documentation,Tài liệu,
Keyboard Shortcuts,Phím tắt,
About,Giới thiệu,
Issue Tracker,Theo dõi sự cố,
Sidebar,Thanh bên,
Toggle Sidebar,Ẩn/hiện thanh bên,
Show Sidebar,Hiện thanh bên,
Hide Sidebar,Ẩn thanh bên,
Menu Bar,Thanh menu,
Command Bar,Thanh lệnh,
Quick Entry,Nhập nhanh,
Save and Continue,Lưu và tiếp tục,
Save and New,Lưu và tạo mới,
Save Draft,Lưu nháp,
Auto Save,Lưu tự động,
Autosave,Lưu tự động,
Undo,Hoàn tác,
Redo,Làm lại,
Copy Link,Sao chép liên kết,
Copy URL,Sao chép URL,
Open in New Tab,Mở tab mới,
Toggle,Bật/tắt,
Switch,Chuyển đổi,
Flip,Lật,
Swap,Hoán đổi,
Reorder,Sắp xếp lại,
Drag and Drop,Kéo và thả,
# ======================================================================
# Data / Import / Export
# ======================================================================
Import Data,Nhập dữ liệu,
Export Data,Xuất dữ liệu,
Data Import,Nhập dữ liệu,
Data Export,Xuất dữ liệu,
Download Template,Tải mẫu,
Upload Template,Tải lên mẫu,
Map Fields,Ánh xạ trường,
Preview Data,Xem trước dữ liệu,
Start Import,Bắt đầu nhập,
Import Status,Trạng thái nhập,
Import Log,Nhật ký nhập,
Imported,Đã nhập,
Skipped,Đã bỏ qua,
Failed,Thất bại,
Partial,Một phần,
Errors,Lỗi,
Warnings,Cảnh báo,
Preview Results,Xem trước kết quả,
Bulk Edit,Chỉnh sửa hàng loạt,
Bulk Update,Cập nhật hàng loạt,
Bulk Delete,Xóa hàng loạt,
Bulk Action,Thao tác hàng loạt,
Select Rows,Chọn dòng,
Selected Rows,Dòng đã chọn,
All Rows,Tất cả dòng,
Current Page,Trang hiện tại,
# ======================================================================
# Pagination / Navigation
# ======================================================================
Page,Trang,
Pages,Trang,
of,của,
Rows,Dòng,
Columns,Cột,
Cells,Ô,
Showing,Đang hiển thị,
Results per Page,Kết quả mỗi trang,
Total Records,Tổng số bản ghi,
No More Records,Không còn bản ghi,
Load More,Tải thêm,
View All,Xem tất cả,
Go to Page,Đi đến trang,
First Page,Trang đầu,
Last Page,Trang cuối,
Previous Page,Trang trước,
Next Page,Trang sau,
# ======================================================================
# Time & scheduling
# ======================================================================
Schedule,Lịch,
Scheduler,Bộ lập lịch,
Scheduled,Đã lập lịch,
Scheduled Job,Công việc định kỳ,
Scheduled Task,Tác vụ định kỳ,
Cron,Cron,
Cron Expression,Biểu thức Cron,
Run Now,Chạy ngay,
Run at,Chạy lúc,
Never,Không bao giờ,
Every,Mỗi,
Every Hour,Mỗi giờ,
Every Day,Mỗi ngày,
Every Week,Mỗi tuần,
Every Month,Mỗi tháng,
Every Year,Mỗi năm,
Repeat,Lặp lại,
Recurring,Định kỳ,
Automatic,Tự động,
Manual,Thủ công,
Event,Sự kiện,
Events,Sự kiện,
Calendar Event,Sự kiện lịch,
Reminder,Nhắc nhở,
Reminders,Nhắc nhở,
Alert Time,Thời gian cảnh báo,
Due,Đến hạn,
Due In,Còn lại,
Remaining,Còn lại,
Expiration,Hết hạn,
Extend,Gia hạn,
Extend Until,Gia hạn đến,
# ======================================================================
# Files / Attachments
# ======================================================================
Files,Tệp,
Folder,Thư mục,
Folders,Thư mục,
Root Folder,Thư mục gốc,
Home Folder,Thư mục chính,
My Files,Tệp của tôi,
Shared Files,Tệp chia sẻ,
Recent Files,Tệp gần đây,
Upload,Tải lên,
Uploading,Đang tải lên,
Uploaded,Đã tải lên,
Upload Failed,Tải lên thất bại,
File Manager,Trình quản lý tệp,
Storage,Bộ nhớ,
Storage Used,Đã sử dụng,
Storage Available,Còn lại,
# ======================================================================
# Email / Communication specific
# ======================================================================
Email Account,Tài khoản email,
Email Domain,Tên miền email,
SMTP,SMTP,
IMAP,IMAP,
POP3,POP3,
Incoming Email,Email đến,
Outgoing Email,Email đi,
Auto Email,Email tự động,
Scheduled Email,Email định kỳ,
Email Subject,Tiêu đề email,
Email Body,Nội dung email,
CC,Đồng gửi,
BCC,Gửi ẩn,
Attach File,Đính kèm tệp,
Add Signature,Thêm chữ ký,
Send Email,Gửi email,
Email Sent,Email đã gửi,
Email Queue,Hàng đợi email,
Failed Emails,Email thất bại,
Email Group,Nhóm email,
Newsletter,Bản tin,
Newsletter Subscription,Đăng ký nhận bản tin,
Unsubscribe,Hủy đăng ký,
Subscribed,Đã đăng ký,
Unsubscribed,Đã hủy đăng ký,
# ======================================================================
# Report Builder
# ======================================================================
Add Filter,Thêm bộ lọc,
Remove Filter,Xóa bộ lọc,
Column,Cột,
Add Column,Thêm cột,
Remove Column,Xóa cột,
Reorder Columns,Sắp xếp lại cột,
Hide Column,Ẩn cột,
Show Column,Hiện cột,
Pivot Table,Bảng xoay,
Summary Row,Dòng tổng,
Totals Row,Dòng tổng cộng,
Grand Total Row,Dòng tổng chung,
Chart Type,Kiểu biểu đồ,
X Axis,Trục X,
Y Axis,Trục Y,
Data Source,Nguồn dữ liệu,
Aggregation,Gộp nhóm,
Group Total,Tổng nhóm,
Subtotal,Tổng phụ,
Running Total,Tổng cộng dồn,
Cumulative,Cộng dồn,
Filter Value,Giá trị lọc,
Operator,Toán tử,
Equal,Bằng,
Not Equal,Khác,
Greater Than,Lớn hơn,
Less Than,Nhỏ hơn,
Greater or Equal,Lớn hơn hoặc bằng,
Less or Equal,Nhỏ hơn hoặc bằng,
Between,Giữa,
Not Between,Không giữa,
In,Trong,
Not In,Không trong,
Contains,Chứa,
Does Not Contain,Không chứa,
Starts With,Bắt đầu với,
Ends With,Kết thúc với,
Is Empty,Trống,
Is Not Empty,Không trống,
Is Set,Đã đặt,
Is Not Set,Chưa đặt,
# ======================================================================
# Colors & Indicators
# ======================================================================
Red,Đỏ,
Orange,Cam,
Yellow,Vàng,
Green,Xanh lá,
Blue,Xanh dương,
Pink,Hồng,
Purple,Tím,
Grey,Xám,
Black,Đen,
White,Trắng,
Success Color,Màu thành công,
Error Color,Màu lỗi,
Warning Color,Màu cảnh báo,
Info Color,Màu thông tin,
Badge,Nhãn,
Tag,Thẻ,
Tags,Thẻ,
Add Tag,Thêm thẻ,
Remove Tag,Xóa thẻ,
# ======================================================================
# Misc additional
# ======================================================================
Enable,Bật,
Disable,Tắt,
Turn On,Bật,
Turn Off,Tắt,
Activate,Kích hoạt,
Deactivate,Hủy kích hoạt,
Archive Record,Lưu trữ bản ghi,
Restore Record,Khôi phục bản ghi,
Archived,Đã lưu trữ,
Unarchived,Đã khôi phục,
Lock,Khóa,
Unlock,Mở khóa,
Locked,Đã khóa,
Unlocked,Đã mở khóa,
Freeze,Đóng băng,
Unfreeze,Bỏ đóng băng,
Frozen,Đã đóng băng,
Merge,Gộp,
Split,Tách,
Unmerge,Bỏ gộp,
Clone,Nhân bản,
Cloned,Đã nhân bản,
Backup Now,Sao lưu ngay,
Restore from Backup,Khôi phục từ bản sao lưu,
Audit Report,Báo cáo kiểm toán,
History,Lịch sử,
Activity History,Lịch sử hoạt động,
Change History,Lịch sử thay đổi,
Version History,Lịch sử phiên bản,
Revision History,Lịch sử bản sửa đổi,
Chronological,Theo thứ tự thời gian,
# ======================================================================
# Statuses detailed
# ======================================================================
Open Tasks,Công việc đang mở,
Closed Tasks,Công việc đã đóng,
Overdue Tasks,Công việc quá hạn,
Completed Tasks,Công việc hoàn thành,
Upcoming,Sắp tới,
Recent,Gần đây,
Archived Items,Mục đã lưu trữ,
Deleted Items,Mục đã xóa,
Modified Items,Mục đã sửa,
Created Items,Mục đã tạo,
Shared Items,Mục đã chia sẻ,
Pending Items,Mục chờ xử lý,
Pending Tasks,Công việc chờ,
Pending Approvals,Chờ phê duyệt,
Pending Invoices,Hóa đơn chờ,
Pending Orders,Đơn hàng chờ,
Pending Payments,Thanh toán chờ,
Recent Orders,Đơn hàng gần đây,
Recent Invoices,Hóa đơn gần đây,
Recent Payments,Thanh toán gần đây,
Recent Customers,Khách hàng gần đây,
Top Customers,Khách hàng hàng đầu,
Top Products,Sản phẩm hàng đầu,
Top Suppliers,NCC hàng đầu,
Best Selling,Bán chạy nhất,
Worst Selling,Bán chậm nhất,
Fast Moving,Xoay vòng nhanh,
Slow Moving,Xoay vòng chậm,
High Value,Giá trị cao,
Low Value,Giá trị thấp,
Average Value,Giá trị trung bình,
